TIC,TOI,Disposition,Disposition,Detection,Period,Duration,Planet_Radius,Stellar_Radius,Sectors
27769688,4579.01,KP,KP,SPOC,88.495682965829,6.9510848840561,5.1574302574562,0.93995100259781,"14,15,40,41,54,55"
164652245,5980.01,KP,KP,SPOC,79.583999468717,4.3996752154736,1.9748837163254,0.79136997461319,"14,40,41,53,54,55"
158657354,5986.01,KP,KP,SPOC,38.583588860326,11.040376481567,6.8872276162749,1.7423100471497,"40,41,53,54,55"
299087490,5982.01,KP,KP,SPOC,38.478761309913,5.1869736832286,12.560937578888,0.81004297733307,"40,41,53,54,55"
365007485,6877.01,KP,KP,QLP,33.5920255,6385,9.88421,0.91,"45,46,72"
388804061,5555.01,KP,KP,SPOC,32.938155711634,2.2932023448829,2.5322408250366,0.44451600313187,"45,46"
366443426,4304.03,KP,KP,SPOC,31.718020831616,2.3326321300982,2.2998048543218,1.3088300228119,"7,34,44,45,46"
120255950,4584.01,KP,KP,SPOC,31.578684711205,2.1295055093565,4.8743389072011,1.0517799854279,"40,41,53,54"
48451130,4571.01,KP,KP,SPOC,30.3599811786,6.0823745326155,11.214121596787,0.79511797428131,"40,41,54,55"
27534138,5993.01,KP,KP,SPOC,28.541055731646,10.658123076775,7.1843682691348,1.6416200399399,"40,41,54,55"
136916387,2011.02,KP,KP,SPOC,27.592071753546,3.2743015829507,2.7050278387379,1.0260699987411,"12,38,65"
14570099,5558.01,KP,KP,SPOC,26.200690784896,4.0014852506898,2.9705926434886,0.70992702245712,"44,45,46"
92226327,256.01,KP,KP,SPOC,24.73734116,2.0690509769268,1.8439453091989,0.21553499996662,"3,3"
273231214,4581.01,KP,KP,SPOC,22.342877300453,6.7001279936712,11.335503237901,1.4286400079727,"14,15,41,54,55"
435339558,6962.01,KP,KP,SPOC,21.99036193738,3.8732381431039,4.6034655237456,1.3341699838638,"42,43,44,70,71"
302773669,1573.01,KP,KP,QLP,21.2169065,3057,12.9873,1.55,"18,19,25,52,59"
7020254,4316.01,KP,KP,SPOC,20.2730282,3651,10.4386,0.86,"7,34,45,46,71"
243014114,4512.01,KP,KP,SPOC/QLP,19.5624363,6591,3.32657,0.76,"42,43,44"
243244680,5065.01,KP,KP,QLP,19.4921473,3568,5.50689,1.36,"44,45,46,72"
374180079,5520.02,KP,KP,SPOC,19.484825673615,4.8214015062502,3.4586558040937,0.73378902673721,"35,45,46"
169461816,3563.01,KP,KP,QLP,17.855232163638,7.5258229708258,14.597675311923,1.4911400079727,"14,15,54,55"
164458714,4589.01,KP,KP,SPOC,17.8335899,3642,2.16267,1.43,"14,26,40,41,53,54,55,74,75"
18310799,5087.01,KP,KP,QLP,17.3070631,3646,3.7275,0.77,"43,44,70,71"
73717937,819.01,KP,KP,SPOC,16.2546802,4.74,9.68176,1.32,"10,11,37"
123357864,6005.01,KP,KP,SPOC,16.145589817182,4.5431710785952,3.5634669513522,0.73299497365952,"14,26,40,41,53,54,55"
366443426,4304.01,KP,KP,SPOC,15.5718552,4931,2.44317,1.31,"7,34,44,45,46,61,72"
115010361,5163.01,KP,KP,QLP,15.4658691,3.16,5.07911,1.02,"23,46,50"
257774438,4648.01,KP,KP,SPOC,15.394885878,3.6822028584305,2.2841428636092,1.0622999668121,"42,43"
330690135,5170.01,KP,KP,SPOC,14.756501494468,4.9375033182692,5.73956169727,1.201740026474,"44,45,46,72"
374180079,5520.01,KP,KP,SPOC,14.698912471348,3.9539653088693,3.2456136659513,0.73378902673721,"35,45,46"
149969625,5178.01,KP,KP,SPOC,14.066601406446,2.707837251396,3.1908776692086,0.8376060128212,46
17307715,5562.01,KP,KP,SPOC,13.851515811858,3.2132795530999,2.3653178341809,0.65576601028442,"43,44"
366484980,4411.01,KP,KP,SPOC,13.7748361,4454,2.67656,1.47,"7,34,44,45,46,71"
120960812,1237.01,KP,KP,SPOC,12.72038,2401,4.96046,1.48,"14,40,41,53,54"
350020859,5141.01,KP,KP,SPOC,11.814172615256,5.564935226087,6.9724932215186,1.7859799861908,"45,46"
271749758,6970.01,KP,KP,SPOC,11.71444698163,3.5131822060652,11.5337399855,0.88562899827957,75
281731203,685.01,KP,KP,QLP,11.6332127,5081,10264,1.73,"9,35,45,46,72"
136916387,2011.01,KP,KP,SPOC,11.577836208353,3.8772499007481,1.5422128566372,1.0260699987411,"12,38,65"
243200602,826.01,KP,KP,SPOC/QLP,11.5509742,3571,11.0252,1.06,"11,37,64"
366576758,514.01,KP,KP,SPOC,11.390955594329,3.7913603033111,11.162183061378,0.87593597173691,"7,44,45,46"
68577662,4606.01,KP,KP,SPOC/QLP,11.1684037,5354,12.77,1.22,"43,44,71"
150096001,6872.01,KP,KP,QLP,11.0248821,2917,2.46843,0.46,"43,44,70,71"
353459965,6049.01,KP,KP,SPOC,10.861491069248,5.5511466808171,9.5731364732186,0.89509499073029,59
266593143,1283.01,KP,KP,SPOC,10.3385897,3912,11.3892,0.84,"15,55,56"
388909695,5812.01,KP,KP,QLP,10.1472711,5535,11.0655,1.22,55
366410512,5101.01,KP,KP,SPOC,10.1367283,5341,5.44119,1.51,"7,34,44,45,46,71"
173103335,5146.01,KP,KP,SPOC,10.053943872078,2.068692441883,2.2586220404703,0.55085599422455,"45,46"
166739520,190.01,KP,KP,UNKNOWN,10.020599778833,5.7591694018013,11.767918313973,1.275269985199,"2,3,29,30"
69747919,1407.01,KP,KP,CTOI,9.9783319274044,4.2281710587998,2.0515332419146,1.4713100194931,"2,28"
48353358,6004.01,KP,KP,SPOC,9.8786837995359,1.8852041717087,2.1083188558729,0.46061900258064,"14,26,40,41,53,54,55"
388811663,5155.01,KP,KP,QLP,9.7957298,2.39,3.00478,0.71,"42,43,70"
17409453,5080.01,KP,KP,QLP,9.72665,4584,7.23871,1.45,"43,44,70,71"
308098254,1906.01,KP,KP,QLP,9.6246665,4297,12.3182,1.2,"9,36"
82308728,1821.01,KP,KP,QLP,9.4893231,2757,2.4304,0.77,"22,49"
299158887,1554.01,KP,KP,SPOC/QLP,9.4341589079668,2.8505348174715,6.3734064062971,0.938167989254,"14,15,40,41,53,54,55"
53189332,660.01,KP,KP,UNKNOWN,9.2896818,5272,12124,1.42,"9,36,45,46"
122375047,6088.01,KP,KP,SPOC,9.2866732611907,3.2593808099938,2.6996251463968,0.91182297468185,"40,41,54,55"
234825296,536.01,KP,KP,SPOC,9.2432302936005,2.4045872240888,15.396505657171,1.299810051918,"6,33"
36440357,546.01,KP,KP,UNKNOWN,9.2016496415396,4.4317332963405,13.437395928532,1.1227099895477,"6,33"
422618449,6836.01,KP,KP,SPOC/QLP,9.100412,2181,2.59387,0.77,"42,7"
122785299,4592.01,KP,KP,SPOC,8.8849510858694,1.9958507020285,12.68384366274,0.97705399990082,"40,41,54"
366411016,5529.01,KP,KP,SPOC,8.865288608692,3.2904517724949,4.2853969416205,0.69743901491165,"34,44,45,46,61"
115524421,2064.01,KP,KP,QLP,8.8036803,2997,8.9006,0.94,"24,25,26,51,52"
63211674,4472.01,KP,KP,SPOC,8.6004516340461,8.9505209950206,14.548120994469,2.3108398914337,"40,41,54,55"
60286662,5162.01,KP,KP,QLP,8.5623265,3.18,7.63717,1.02,"44,45,46,71,72"
350293646,2548.01,KP,KP,SPOC,8.5234958,2444,12.0756,0.84,"34,61"
332022997,5123.02,KP,KP,QLP,8.4388359,2129,2.38569,0.74,"44,45,46"
366568760,5121.01,KP,KP,QLP,8.4071591,5002,10.1248,4.71,"7,44,45,46,61,72"
6892385,5164.01,KP,KP,SPOC/QLP,8.2669589,3328,3.44807,0.92,"44,45,46,71"
4610830,6833.01,KP,KP,QLP,8.2616616,2862,3.30997,0.86,"42,7"
435339847,4544.01,KP,KP,QLP,8.2000786,2393,2.41401,0.79,"5,42,43"
183532609,191.01,KP,KP,SPOC/QLP,8.1587261,4288,12.7393,1,"2,29,69"
159054620,5992.01,KP,KP,SPOC,8.0276820925063,2.9574257173161,11.980977040081,1.1277199983597,"40,41,53,54,55"
63283780,5994.01,KP,KP,SPOC,7.9726643712226,2.5395548903665,3.7927660951944,0.63749498128891,"40,41,54,55"
91051152,5969.01,KP,KP,SPOC,7.9192604527469,2.5053872855416,11.528526439784,0.75860798358917,56
281885301,5145.01,KP,KP,SPOC,7.9177855285975,3.1506390453111,6.5930785690451,0.84047597646713,"45,46,72"
123495874,2176.01,KP,KP,CTOI,7.8914271236757,4.2653155874695,12.929994158452,1.2799199819565,"14,26,40,41,54,55"
271431851,6081.01,KP,KP,SPOC,7.8864218249731,4.9429377785191,12.404829073243,1.5605100393295,"40,41,54,55"
158623531,246.01,KP,KP,UNKNOWN,7.8728936787037,3.759957832964,15.0953,1.26,"2,3,29"
165987272,1840.01,KP,KP,SPOC,7.8456075,5892,14.2866,1.65,"23,49"
399954349,4593.01,KP,KP,SPOC,7.8344688255299,3.1260802534137,3.7973353469731,0.73114597797394,"14,26,40,41,53,54,55"
44745133,1911.01,KP,KP,QLP,7.8181434,4.98,9.95177,1.64,"4,5,31"
175236511,5136.01,KP,KP,QLP,7.8092052,3393,2.70889,1.22,"44,45"
48506505,4467.01,KP,KP,SPOC,7.794215505913,0.97103111413734,4.9169842044124,0.89740300178528,"40,41,53,54,55"
157230659,6278.01,KP,KP,SPOC,7.5337657024088,5.5843836086928,10.611118960395,1.5290499925613,63
137903329,4485.01,KP,KP,SPOC,7.3405675147766,3.2557004003192,16.731704400909,1.4372800588608,"40,41,54,55"
262715204,4538.01,KP,KP,SPOC/QLP,7.1385672,2464,3.60516,0.77,"42,7"
127530399,822.01,KP,KP,UNKNOWN,7.133518,3006,10.9689,0.79,"11,38"
120317234,5999.01,KP,KP,SPOC,6.8834027,1.92,2.87691,1.23,"14,26,40,41,53,54,74"
158561566,1267.01,KP,KP,SPOC,6.7900981113413,6.0786576276485,9.754848091183,2.0006799697876,"14,15,26,40,41,53,54,55"
363548415,5168.01,KP,KP,QLP,6.7713411,2836,5.07965,0.89,"45,46,72"
283722336,1469.02,KP,KP,SPOC,6.7650278,1444,1.27931,0.75,"17,24,57"
73228647,755.02,KP,KP,SPOC,6.7418795627991,1.371085679909,2.1138481681597,0.98664897680283,"10,37,64"
49735922,6834.01,KP,KP,QLP,6.3392677,3.02,3.91968,0.93,"2,29,42,70"
352011875,5995.01,KP,KP,SPOC,6.2468813284887,9.0400019357441,15.681780596752,6.3787198066711,"14,26,40,41,53,55"
120960812,1237.02,KP,KP,SPOC,6.2387550133455,3.6178567252982,2.9728283438762,1.4776799678802,"14,40,41,53,54"
411839167,2461.01,KP,KP,SPOC,6.1802675,3868,13.2741,1.74,"32,43,44,71"
286923464,1271.01,KP,KP,SPOC/QLP,6.1349783,5661,13.1383,2.05,"15,16,22,49"
159951311,265.01,KP,KP,UNKNOWN,5.9242661324832,2.8894448884724,9.3440441625091,0.84667098522186,"3,4,30,31"
121731834,6003.01,KP,KP,SPOC,5.8599392219211,4.0842391179256,2.9189613927449,1.5091999769211,"14,40,41,54,55"
376939759,4532.01,KP,KP,SPOC/QLP,5.8176452,2577,11.6459,1.22,"42,43,70"
166836920,267.01,KP,KP,UNKNOWN,5.7525821706391,5.4013355411632,12.704264829523,1.7092700004578,"3,29,30"
61538902,752.01,KP,KP,UNKNOWN,5.7481343632827,2.6720120881523,13.23743470706,1.1278300285339,"10,37"
203214081,5097.01,KP,KP,SPOC/QLP,5.7459945,1185,2.06081,0.32,"44,45,46,72"
250707118,6028.01,KP,KP,SPOC,5.7238581930973,3.8545141351386,11.647075734545,1.2305200099945,58
429302040,1905.01,KP,KP,QLP,5.72226,2648,12.8433,0.73,10
39903405,2020.01,KP,KP,QLP,5.6334662028163,4.2342162100878,12.662990185483,1.703920006752,"24,25,51,52"
386259537,1932.01,KP,KP,QLP,5.6107737094617,6.3384834297225,18.370173557963,2.21327,"7,8,34"
349827430,1148.01,KP,KP,SPOC/QLP,5.5514888,4335,15.8043,1.55,"14,20,21,40,41,47,48,60,74,75"
158555987,4594.01,KP,KP,SPOC,5.5460810942284,2.7509711474897,10.083223926282,1.8893699645996,"14,40,41,53,54,55"
21744120,2127.01,KP,KP,SPOC,5.5080682174644,2.6399994701419,10.729979500394,0.740113,"25,26"
453789494,1907.01,KP,KP,QLP,5.4774433,5277,20.3433,2.09,"11,37,38"
278348461,1257.01,KP,KP,SPOC,5.4526479,3401,14.5502,1.57,"14,41,54,55"
437261733,1910.01,KP,KP,QLP,5.4161129,3385,13.3752,1.1,"9,36"
50712784,1912.01,KP,KP,QLP,5.4053583,4859,13.4237,1.59,"7,34"
417676622,1290.01,KP,KP,SPOC,5.3987396,3.12,2.19583,1.26,"14,15,40,41,54,55,74"
116156517,338.01,KP,KP,QLP,5.36777,4271,14.2607,1.72,"2,29"
271168962,828.01,KP,KP,SPOC,5.3220505095485,3.8815964207395,17.103808709754,1.9575699567795,"11,64"
176220787,2380.01,KP,KP,SPOC,5.2153551,5.544704700906,17.655978739387,2.3901400566101,"29,42,70"
7059054,5072.01,KP,KP,SPOC/QLP,5.185768,2356,7.50399,0.65,"44,45,46,71"
112099249,1921.01,KP,KP,QLP,5.17958,4524,14829,1.65,11
203214138,5081.01,KP,KP,SPOC/QLP,5.1699026,1972,9.23587,1.48,"44,45,46,72"
330687113,5089.01,KP,KP,SPOC,5.1138588,2361,5.83713,1.51,"44,45,46"
436575927,6977.01,KP,KP,QLP,5.0957983,1772,1.92318,0.7,"43,44,70,71"
116242971,2125.01,KP,KP,QLP,5.0316308667072,5.6042382062487,16.490128305409,2.1627900600433,"25,26,40,53"
424435940,1627.01,KP,KP,QLP,5.0172146023149,3.7363300747899,13.547801894484,1.1001299619675,"25,26,40,52,53,54"
268604331,4466.01,KP,KP,SPOC,5.0141991086608,4.5606871296246,13.491172810855,1.6967500448227,"14,15,41,54,55"
320798691,2130.01,KP,KP,SPOC,5.0052605034024,4.9057646228405,13.631452758902,1.4670100212097,"26,40,53"
248075138,769.01,KP,KP,SPOC,4.9816784,2733,10.7801,0.79,"10,37"
286865921,773.01,KP,KP,SPOC,4.971298,3283,12.1956,1.09,"10,37"
100566492,2198.01,KP,KP,SPOC,4.9549631089896,5.9565174468219,18.450468948967,1.99207,27
389352124,2197.01,KP,KP,SPOC,4.954648,3639,13.0889,1.47,"27,67"
27774415,4456.01,KP,KP,SPOC,4.9427985335015,3.3153827577537,15.320496072536,1.325670003891,"40,41,54,55"
211438925,194.01,KP,KP,SPOC/QLP,4.8996461,3.07,15.9746,1.5,"2,29,69"
28230919,1144.01,KP,KP,SPOC/QLP,4.8878023,2.18,5.28325,0.76,"14,15,41,54,55,56,74"
121660904,4431.01,KP,KP,SPOC,4.8854843850569,5.2333984625333,18.175955703371,2.0812199115753,"40,41,54,55"
198588220,2014.01,KP,KP,QLP,4.8101141365412,7.0284557274413,23.579571361582,2.648099899292,"24,26,51,52,53"
5882269,5083.01,KP,KP,QLP,4.7948642,2245,3.3985,0.65,"43,44,45,71"
139733308,452.01,KP,KP,UNKNOWN,4.7633952421573,3.0078271753085,10.219683299859,0.8755099773407,"5,32"
281541555,115.01,KP,KP,UNKNOWN,4.742378476894,2.5318097944897,10.389630327288,0.87758499383926,"1,2,28,29"
366631954,5068.01,KP,KP,QLP,4.7369669,2.58,2.93924,0.79,"7,34,44,45,46,72"
55092869,664.01,KP,KP,SPOC,4.7359231896056,7.0819611648289,13.575258919242,2.7871499061584,"9,62"
27635334,6967.01,KP,KP,SPOC,4.7335575051467,3.2089234481436,5.3852666290978,1.7589600086212,"44,45,46,71,72"
73448352,1603.01,KP,KP,QLP,4.7321727,2794,15.0238,1.56,"18,58"
137151335,5979.01,KP,KP,SPOC,4.7267257,3014,1.45952,0.92,"14,40,41,54,55,74"
14661418,751.01,KP,KP,UNKNOWN,4.7228146286607,2.1894173969358,12.137650390898,0.79323500394821,"10,36"
117275513,5067.01,KP,KP,QLP,4.6886342,2651,3.36071,0.87,"21,44,45,46,72"
270468559,571.01,KP,KP,SPOC,4.6418368,3721,12.9164,1.41,"8,34,44,45,46"
285272237,3681.01,KP,KP,QLP,4.6401269220383,3.032014408878,10.240744282018,1.0093599557877,"18,58"
248111245,770.01,KP,KP,UNKNOWN,4.6370478737018,4.8238321719544,15.304546503321,1.6805399656296,"10,11,37"
101721385,2129.01,KP,KP,SPOC,4.627664,2306,14.3694,1.55,"25,26,52,53"
347329162,1809.01,KP,KP,SPOC,4.6170519,3555,12.4681,1.11,"22,49"
425206121,508.01,KP,KP,UNKNOWN,4.6117328,4065,18.7958,1.67,"7,33"
201604954,1066.01,KP,KP,SPOC,4.606184,3.121643,12.962219,1.07,13
112604564,1922.01,KP,KP,QLP,4.5768651482226,3.5592794701186,19.157122279584,1.78295,"7,34"
310003988,1629.01,KP,KP,QLP,4.5421594,4294,17.3816,1.73,"16,23,24,50"
262662119,4531.01,KP,KP,SPOC/QLP,4.5334789,3436,13609,1.2,"42,7"
293457754,4621.01,KP,KP,SPOC,4.5195119703311,3.145779876935,14.099184799305,1.0320999622345,"42,43"
125739286,1934.01,KP,KP,QLP,4.5111234,4525,18.5483,1.71,"11,38"
294301883,774.01,KP,KP,UNKNOWN,4.465634329942,3.5125179895836,14.646776348545,1.090360045433,"10,37"
346338552,1388.01,KP,KP,QLP,4.4653014,2494,14.5338,1.18,"16,56"
199671901,5959.01,KP,KP,SPOC,4.4571443713053,6.1089711437671,18.031155987462,2.0946500301361,"56,57"
269269546,4488.01,KP,KP,SPOC,4.4541700314081,2.271429968899,13.801721797517,0.92208701372147,"41,54,55"
405717754,2175.01,KP,KP,CTOI,4.4379726582844,4.7176624129258,20.356533665823,1.569659948349,"14,15,26,40,41,53,54,55"
176685457,1935.01,KP,KP,QLP,4.4352884,1.89,11.211023119929,1.38,"8,35"
149603524,102.01,KP,KP,SPOC,4.4119378,3.65,15.4706,1.21,"1,2,3,4,6,7,8,9,10,11,12,13,27,28,29,30,31,32,33,34,36,37,38,39,61,62,64,65,68"
78055054,434.01,KP,KP,UNKNOWN,4.388851647462,3.0184015457076,13.899452339027,0.87785601615906,"5,6,32"
393414358,483.01,KP,KP,UNKNOWN,4.3780806521225,5.3900977708936,15.176734588555,1.792240023613,"6,7,32,33"
168281028,6269.01,KP,KP,SPOC,4.3744613803651,3.0484494414978,6.4637765204215,1.115630030632,62
8767448,1767.01,KP,KP,SPOC/QLP,4.3532339,3869,16.2509,1.59,"21,48"
272213425,1904.01,KP,KP,QLP,4.3247708,4267,17.0257,2.13,"10,37"
436478932,5963.01,KP,KP,SPOC,4.3226229418578,3.3699024669902,15.154694287394,1.3475699424744,56
437242640,744.01,KP,KP,SPOC,4.3176859,1822,13.3926,1.11,"9,36,63"
288246496,6015.01,KP,KP,SPOC,4.3048290138949,3.5311266334049,13.839540234604,1.5128400325775,57
168699373,1841.01,KP,KP,SPOC,4.3011975,2982,15.3684,1.03,"16,23,49,50"
437333618,843.01,KP,KP,UNKNOWN,4.2986477,3027,14188,1.12,"11,37"
420779000,5632.01,KP,KP,SPOC,4.2342153119906,2.5166257419024,7.0962993810264,0.85977798700333,50
102192004,1919.01,KP,KP,QLP,4.2337078,2008,19.6222,1.46,"10,11,37"
158388163,4445.01,KP,KP,SPOC,4.2253498253575,2.7695297378725,8.8893196604141,1.031219959259,"40,41,53,55"
61205803,3636.01,KP,KP,QLP,4.2186625028005,3.2580997761119,13.69767776833,1.0068900585175,"17,57"
114299824,1923.01,KP,KP,QLP,4.2041585,2124,12.1025,1.07,"7,34"
53750200,1914.01,KP,KP,QLP,4.1933422089677,1.8220995961108,11.542570231153,1.627760052681,"6,7,33,34"
9155187,5373.01,KP,KP,SPOC,4.1878374782312,2.9905903597651,11.76950647634,1.1000699996948,47
4616072,466.01,KP,KP,UNKNOWN,4.187615381503,3.0070216883843,13.900236877762,1.2373299598694,"6,7,33"
169226822,675.01,KP,KP,SPOC/QLP,4.1779929,4144,15.3075,1.35,"9,35,46,62,72"
269217040,6686.01,KP,KP,SPOC/QLP,4.1661265283045,3.7000326564662,14.536562913168,1.1559900045395,67
102264230,4539.01,KP,KP,SPOC/QLP,4.1591488,3.54,12.1616,1.11,42
9725627,239.01,KP,KP,SPOC,4.1567863584057,3.9618075054152,9.7108657686796,1.3883099555969,"2,29,42"
232038798,1909.01,KP,KP,QLP,4.1536624,1702,12.7595,1.09,"6,7,32,33,34"
51234631,1721.01,KP,KP,SPOC/QLP,4.1250429,4454,15.3479,1.62,"20,47,60,74"
17993892,1800.01,KP,KP,SPOC,4.1244833,3567,12.4249,1.26,"22,48"
454069765,4916.01,KP,KP,QLP,4.1197036,4547,9.06392,1.79,"10,36,37"
97735908,4612.01,KP,KP,SPOC/QLP,4.1137862,5235,15.0368,1.88,"43,44,45,71"
14344979,1927.01,KP,KP,QLP,4.1117722880648,2.1296890191273,15.258204672994,0.91616398096085,"9,35,45,46"
26017005,4535.01,KP,KP,SPOC/QLP,4.0984866,2191,14.9032,1.06,"42,43,44,70,71"
231670397,104.01,KP,KP,SPOC,4.0872956,5.5861130474761,13.62377317646,2.2186698913574,"1,27,67"
53735810,661.01,KP,KP,UNKNOWN,4.0860569346571,4.4736394445415,12.910721796164,1.4774099588394,"9,36"
164786087,4440.01,KP,KP,SPOC,4.0822893892111,3.2882556787492,,,"40,41,53,54,55"
181949561,5675.01,KP,KP,SPOC,4.0548695469509,2.8063408720323,15.544686359695,1.0134199857712,51
380907135,4536.01,KP,KP,SPOC/QLP,4.0460644,5824,18.2851,1.81,"42,43,70"
234112540,537.01,KP,KP,UNKNOWN,4.0379012433074,2.9331124453731,18.382674046646,1.272989988327,"6,33"
281909674,534.01,KP,KP,SPOC,4.0350444384329,2.8526162763938,12.53306061678,1.137069940567,"6,33"
610976842,4545.01,KP,KP,QLP,4.0248735,2384,11.6786,0.75,"42,43,70"
9443323,6052.01,KP,KP,SPOC,4.0135700487779,4.1381201768449,14.954478881583,1.5301200151443,59
267650535,3597.01,KP,KP,QLP,4.0088245035423,2.7370959388561,11.544426196776,0.79569602012634,"17,57"
98669309,5173.01,KP,KP,SPOC,4.003577329939,2.0958153283014,12.962787852577,1.0849200487137,46
92352620,107.01,KP,KP,SPOC,3.9502008,4444,20.5357,1.71,"1,27,68"
236312126,2021.01,KP,KP,QLP,3.9415041,2866,13.8352,0.92,"24,25,51"
371234684,1731.01,KP,KP,SPOC,3.9228042,3205,15.8493,1.3,"20,47"
183537452,192.01,KP,KP,SPOC/QLP,3.9227122,2555,7.23153,0.64,"2,29,69"
459730973,5820.01,KP,KP,SPOC,3.9156848046704,3.5847759896779,16.708372910873,1.8382300138473,55
271354351,4426.01,KP,KP,SPOC,3.9051260405231,2.9136918725265,14.549943057444,0.9474750161171,"40,41,54"
375942197,5815.01,KP,KP,SPOC,3.8993831386464,5.1857346613628,15.263658181731,1.8622200489044,55
42821097,548.01,KP,KP,UNKNOWN,3.8971202606155,4.8258882068622,13.493222749311,1.6395000219345,"6,33"
248853232,5823.01,KP,KP,SPOC/QLP,3.8681492175275,2.1610194568107,12.265890284409,0.87759101390839,55
13021029,439.01,KP,KP,SPOC/QLP,3.8558899809667,3.9555399273548,14.52229131125,1.432559967041,"5,32"
272366748,5824.01,KP,KP,SPOC,3.8555896898932,3.237964370373,13.965462183428,1.052680015564,"41,55"
157266693,1929.01,KP,KP,QLP,3.8537616,3392,14.7144,1.06,"10,36,37"
176899385,1373.01,KP,KP,QLP,3.8529962,3.36,15.6058,1.57,"16,17,57"
377873569,4480.01,KP,KP,SPOC,3.8493845598361,2.6908269212109,16.808800078458,3.9119100570679,"41,54,55"
77156657,1903.01,KP,KP,QLP,3.8404319,5242,12.3434,2.04,"4,5,31,32"
270380593,465.01,KP,KP,UNKNOWN,3.8361619051076,2.3846336842077,6.1100888217793,0.84737998247147,"4,31,42,43"
162922904,1931.01,KP,KP,QLP,3.8186276,4282,11.3749,2.03,"10,36,37"
284326455,4618.01,KP,KP,SPOC,3.7998451,1428,13.2747,0.76,"43,44,45"
287563610,840.01,KP,KP,SPOC,3.7993182,2302,8.54839,0.97,"11,37"
122441491,4473.01,KP,KP,SPOC,3.7970075645224,2.525677819147,11.75575787827,0.83263099193573,"40,41,54,55"
286099128,3422.01,KP,KP,QLP,3.7787752176122,3.1399049601604,14.001219934722,1.0289599895477,"8,35,61"
425817867,6681.01,KP,KP,SPOC,3.778340119744,2.8296299895596,13.830537699425,0.86392199993134,67
92226327,256.02,KP,KP,UNKNOWN,3.7779417524726,1.4759325172627,1.5659937175726,0.21553499996662,"3,3"
159725995,4595.01,KP,KP,SPOC,3.7705864541407,3.9149764099662,15.822461965654,1.3818800449371,"40,41,54,55"
32949762,2464.01,KP,KP,SPOC,3.7684981,2727,12.5471,0.87,"6,32,33"
138168780,1651.01,KP,KP,SPOC/QLP,3.7649921,2663,17.7429,1.42,"19,20,26,40,53,59,60"
229047362,767.01,KP,KP,SPOC,3.764873,2.759996,13.95182,0.92,10
111991770,820.01,KP,KP,UNKNOWN,3.752062,3.680056,14.937131,1.48,11
66818296,1050.01,KP,KP,UNKNOWN,3.7354838,4142,21.2315,1.57,"12,38"
85593751,4516.01,KP,KP,SPOC,3.7224625949848,2.5956779729431,11.469485614228,0.82064002752304,"42,58"
103751498,2579.01,KP,KP,CTOI,3.7146478,3835,15.2308,1.32,"14,20,21,40,41,47"
61098812,1833.01,KP,KP,SPOC,3.6935996741677,4.4661849629298,17.008659148324,1.78076004982,"23,46,50"
147797743,6072.01,KP,KP,SPOC,3.6915589899042,2.7207580394596,14.724470805137,1.0878299474716,60
170634116,413.01,KP,KP,UNKNOWN,3.6623917810844,3.7669691908019,17.280556723788,1.4853199720383,"4,5,31,32"
37718056,1908.01,KP,KP,QLP,3.65688,3542,12.8031,1.53,3
35022727,4530.01,KP,KP,SPOC,3.652821,2676,13.0049,0.91,"18,42,43,44"
455096220,489.01,KP,KP,UNKNOWN,3.6466612053081,3.9225178129503,13.284413409708,1.3567199707031,"7,34"
35857242,400.01,KP,KP,UNKNOWN,3.6344447,3871,14.25,1.42,"4,31"
203189770,1198.01,KP,KP,QLP,3.6127714,4142,19.3662,1.71,"14,15,41,55,75"
152476657,415.01,KP,KP,UNKNOWN,3.6112620580968,3.5377447223466,13.613740333181,1.6844300031662,"4,5,30,31"
322307342,117.01,KP,KP,QLP,3.5862961998647,3.3710942972119,16.474761075541,2.0044100284576,"1,2,28,29"
47911178,471.01,KP,KP,UNKNOWN,3.5857076070655,2.7072065408206,15.852590117633,1.3455599546432,"6,33"
311408969,2122.01,KP,KP,SPOC,3.5852283727341,3.0197224053807,14.543182858007,1.0672500133514,"25,26,52,53"
159098316,4475.01,KP,KP,SPOC,3.5787569854633,3.1806501533092,12.141604242483,1.0606199502945,"40,41,54,55"
368805700,5674.01,KP,KP,SPOC,3.5771890897944,3.0669978247034,13.507350579335,1.0635800361633,51
145750719,303.01,KP,KP,QLP,3.5608112,3389,10.4972,1.47,"2,29,42"
159742538,2124.01,KP,KP,SPOC,3.5539283440893,3.6341387898079,21.202807626713,2.0085198879242,"25,26,40,52,53"
268823307,2182.01,KP,KP,CTOI,3.5484480742597,4.5123025406601,15.216501566358,1.7818499803543,"14,15,41,54,55"
336732616,103.01,KP,KP,UNKNOWN,3.547854,3.494333,14.581841,1.4,1
14770122,5098.01,KP,KP,SPOC,3.5438893,3991,19.5349,1.75,"44,45,46"
257567854,403.01,KP,KP,UNKNOWN,3.532822,3.44312,13.474905,1.25,4
122596693,4435.01,KP,KP,SPOC,3.5256535143873,2.5111798919497,12.121008578614,0.78376799821854,"40,41,54,55"
420814525,5972.01,KP,KP,SPOC/QLP,3.5247404585539,3.0561662685076,15.619831444784,1.1865500211716,56
123233041,2177.01,KP,KP,CTOI,3.5224750969999,3.2804955189656,15.901483183064,1.5816999673843,"14,40,41,53,54"
311133118,5676.01,KP,KP,SPOC,3.5061649416751,1.6009657991422,12.857619534674,0.77108597755432,"50,51"
434226736,5095.01,KP,KP,SPOC,3.4847528262488,0.71718127705738,3.1137985946145,0.29021599888802,44
239154970,1714.01,KP,KP,SPOC/QLP,3.4744763,4258,19.6131,1.67,"20,44,45,46,47"
69679391,1151.01,KP,KP,SPOC/QLP,3.4741012,3317,21.2912,1.62,"14,40,41,54,74"
262715204,4538.02,KP,KP,QLP,3.4715644,2.13,2.65245,0.77,42
443616612,5523.02,KP,KP,SPOC,3.4711422078224,2.5012670486145,4.8353252569753,0.56300002336502,"36,45,46"
228381868,351.01,KP,KP,QLP,3.4654952516807,4.1612558491783,14.277618410637,1.777379989624,"29,69"
219698950,766.01,KP,KP,SPOC,3.4464529129058,2.4625990454954,12.539905243347,0.91309100389481,"10,36,63"
160148385,247.01,KP,KP,UNKNOWN,3.4252567466828,2.451160868291,14.360066962701,1.1165499687195,"2,29"
120692092,5984.01,KP,KP,SPOC,3.4130780890869,2.578792782734,5.5008027209309,0.86598497629166,"40,41,53,54"
178367144,966.01,KP,KP,QLP,3.4091567921922,3.2067861077936,15.91629987481,1.2106900215149,"7,34,61"
398572544,4518.01,KP,KP,SPOC/QLP,3.408833,3163,14.2632,1.11,"42,7"
437248515,683.01,KP,KP,UNKNOWN,3.4058883,2364,16.8846,1.27,"9,36"
327952677,295.01,KP,KP,QLP,3.396944097608,2.4148686709955,14.403968199869,1.2707099914551,"2,29,69,70"
411697517,5535.01,KP,KP,SPOC,3.3864171509046,2.8543861183862,8.2065140073761,1,"32,43,44"
9385460,6546.01,KP,KP,SPOC,3.3779614333566,4.2709189187804,14.332675110723,1.6616499423981,64
369455629,2199.01,KP,KP,SPOC,3.3771113715336,2.4508029339277,8.6110106493712,1.28017,27
97409519,113.01,KP,KP,SPOC,3.372877,2.63426,14.201803,1.02,1
204376737,231.01,KP,KP,UNKNOWN,3.3610011274094,2.5764649603993,12.727345647953,0.81770497560501,"2,29"
203289099,5111.01,KP,KP,QLP,3.3557219,1599,1.9149,0.56,"44,45,46,72"
440777904,511.01,KP,KP,UNKNOWN,3.3552499,3547,16.4831,1.42,"7,33,44,45,46"
53458803,1913.01,KP,KP,QLP,3.3489038184344,3.3546298218819,13.011038036264,1.2295900583267,"6,7,33,34"
19028197,5094.01,KP,KP,SPOC/QLP,3.3366513,1.78,4.36319,0.5,"44,45,46,71"
468987719,491.01,KP,KP,SPOC,3.3326812,3125,14.4797,1.11,"7,34,44,45,46,61,72"
157586003,1626.01,KP,KP,QLP,3.332618869131,3.562006555664,15.639908242491,1.6948299407959,"26,40,53,54"
268644785,505.01,KP,KP,UNKNOWN,3.3294649238643,4.0123107887144,16.026961871528,1.5223799943924,"7,9,34,35,36"
33521996,468.01,KP,KP,SPOC,3.3252702901126,2.0538143955895,11.503900623645,0.59680098295212,"6,32,33"
9030119,4549.01,KP,PC,QLP,3.3129214,2097,4.28877,0.98,"2,29,42,70"
264508014,4474.01,KP,KP,SPOC,3.3119026273477,1.181071971406,10.962532673719,1.092059969902,"41,54,55"
117979897,443.01,KP,KP,UNKNOWN,3.3106692005591,3.7033866782114,13.382013001771,1.3514300584793,"5,32"
268766053,272.01,KP,KP,UNKNOWN,3.3098457547871,2.2676535776626,12.431622806718,0.85861897468567,"3,3"
315002523,574.01,KP,KP,SPOC,3.3023907304963,5.1743598728444,17.807991243177,1.9103100299835,"8,9,35,62"
137683938,4587.01,KP,KP,SPOC,3.2903135908844,1.746525348185,7.5296069467542,0.56730902194977,"40,41,54,55"
25155310,114.01,KP,KP,UNKNOWN,3.2887877613941,3.4163601764911,10.435462729632,1.2417500019073,"1,2,3,4,5,6,7,8,9,10,11,12,13,27,28,29,30,31,32,33,34,36,37,38,39"
332022997,5123.01,KP,KP,QLP,3.2809598,1897,2.03745,0.74,"44,45"
271424111,6073.01,KP,KP,SPOC,3.2687063476291,3.6398572552711,15.04668793115,1.4053699970245,"40,41,54,55"
172598832,1933.01,KP,KP,QLP,3.2633164741672,5.2814337391006,15.090248624866,2.08347,33
56399553,4623.01,KP,KP,SPOC,3.2588110294925,2.2154690306365,12.868443177114,0.81711399555206,"43,44"
53728859,6013.01,KP,KP,SPOC,3.2573898016453,3.1400826329937,12.356936107674,1.0461299419403,57
358516596,2132.01,KP,KP,QLP,3.2440453662631,3.6774272145435,21.049846605203,1.3895100355148,"26,40,53,54"
27318774,4471.01,KP,KP,SPOC,3.2432487679663,3.0748440534457,14.580006424674,1.0930399894714,"41,54,55"
27916356,3534.01,KP,KP,QLP,3.2346923171569,3.6298092313054,13.595046761825,1.3147399425507,"14,15,41,54,55,56"
299220166,4457.01,KP,KP,SPOC,3.2175184283012,1.8986263655888,10.552977261448,0.91292697191238,"40,41,53,54,55"
350814622,6089.01,KP,KP,SPOC,3.2135635867084,4.3141611370198,4.1549554207658,1.5952099561691,"40,41,53,54,55"
198108326,1844.01,KP,KP,SPOC,3.2130578,2169,11.0975,0.7,"16,23,49,50"
252479260,1771.01,KP,KP,SPOC/QLP,3.2122302,2653,13.0356,1.04,"21,48,75"
404243877,4520.01,KP,KP,SPOC,3.2047072,3331,,,"42,7"
8400842,1676.01,KP,KP,SPOC/QLP,3.1915241,2712,16.3994,1.69,"19,59"
220029715,825.01,KP,KP,SPOC,3.1853185990629,2.2396997934733,5.4220349628714,0.7819589972496,"11,37,64"
6663331,1068.01,KP,KP,SPOC,3.180362,2.111521,13.446487,0.92,13
281459670,110.01,KP,KP,UNKNOWN,3.1743473914331,2.6515124165476,14.406683299189,1.1570600271225,"1,2,28,29"
43647325,423.01,KP,KP,UNKNOWN,3.1615697008093,3.1425792336791,14.861954636627,1.0977400541305,"5,32"
52689469,2502.01,KP,KP,SPOC,3.141382453127,4.4361226003819,13.07086401534,1.7340899705887,"33,34"
201642601,1067.01,KP,KP,SPOC,3.1316735448352,2.457919743364,9.49951911724,0.767009973526,"13,27,67"
120610833,229.01,KP,KP,UNKNOWN,3.1260777519746,1.7185366816512,10.92571148617,0.87470597028732,"2,29"
17746821,492.01,KP,KP,UNKNOWN,3.1220237,3.41,13.9405,1.73,"7,34,44,45,46"
48217457,4454.01,KP,KP,SPOC,3.1208396239679,2.4052780228112,16.210825429511,1.09921002388,"40,41,53,54,55"
46096489,818.01,KP,KP,UNKNOWN,3.118536,2.043274,11.857124,0.95,11
283722336,1469.01,KP,KP,SPOC,3.0929673875288,0.93157038768455,1.3536172641276,0.75059801340103,"17,24,57"
6893917,5074.01,KP,KP,SPOC/QLP,3.0801833,3233,17.5341,1.7,"44,45,46,71"
188876052,5960.01,KP,KP,SPOC/QLP,3.0763290368138,3.901605800207,14.228748526357,1.4311000108719,56
439842788,4521.01,KP,KP,SPOC,3.0717181638209,1.5983426156333,12.005494862319,0.84839397668839,"42,55"
243921117,5801.01,KP,KP,SPOC/QLP,3.0678159897114,2.1103324528908,11.799686783638,0.63657200336456,54
448589187,2642.01,KP,KP,SPOC,3.0652926,2606,13.3524,1.22,"9,36"
178879588,1900.01,KP,KP,QLP,3.0566277111564,2.3926375375445,12.518269337426,1.0386500358582,"31,32"
138294130,2012.01,KP,KP,QLP,3.0565259,4145,15.1633,1.6,"24,50,51"
398943781,780.01,KP,KP,SPOC,3.0524018,2483,13.7594,0.88,"10,37"
142211778,6273.01,KP,KP,SPOC,3.0520570248012,3.4817791989871,13.645342759753,1.3870799541473,63
289793076,108.01,KP,KP,SPOC,3.0440540665342,2.598457480183,12.108679940721,0.80986797809601,"1,28"
461239485,5672.01,KP,KP,SPOC,3.039085065931,1.6455075875982,10.914731710381,0.86467301845551,51
70440470,126.01,KP,KP,UNKNOWN,3.0353977118465,2.796467795236,13.791158264185,1.0722399950027,"1,28"
120757718,1236.01,KP,KP,SPOC,3.0300714582668,2.5466671376467,12.752989173481,0.85736900568008,"14,40,41,53,54"
164892194,2178.01,KP,KP,CTOI,3.024110950687,2.7209656650663,12.089907939469,1.3638800382614,"40,41,53,55"
399954349,4593.02,KP,KP,SPOC,3.005192862219,1.8111647769118,2.1434355179193,0.73114597797394,"14,26,40,41,53,54,55"
139104940,6001.01,KP,KP,SPOC,3.0039010104135,3.8750476750494,16.720862918153,1.5063300132752,"41,54,55"
206284139,4547.01,KP,KP,QLP,3.0026215,3595,14.0672,1.45,42
178217113,5086.01,KP,KP,SPOC/QLP,2.9956366,2287,13.1937,1.4,"44,45,46,71"
165297570,5384.01,KP,KP,SPOC/QLP,2.9895092,3.350388266192,18.818221844907,1.6139600276947,48
31858843,1069.01,KP,KP,SPOC/QLP,2.9776446,2962,14.4339,1.22,"13,27,67"
137881699,1781.01,KP,KP,SPOC,2.9720774,4.41,15.6498,1.95,"21,48"
166833457,404.01,KP,KP,SPOC/QLP,2.9626401975049,1.909672407979,12.654890044213,0.71863502264023,"4,31"
170102285,477.01,KP,KP,UNKNOWN,2.9444283642951,2.4301897796094,12.790487627311,0.88726997375488,"6,34"
20096620,5374.01,KP,KP,SPOC/QLP,2.9164004495212,3.2868100029474,16.778361035147,1.8274400234222,47
422655579,388.01,KP,KP,SPOC/QLP,2.9037041,5.0153436017844,14.693514752472,2.1432499885559,"4,42,43,70"
311035838,1419.01,KP,KP,SPOC/QLP,2.8997405,1849,10.0433,0.82,"16,22,49"
190998418,1463.01,KP,KP,SPOC,2.8791022861389,2.7497683357845,12.092050646592,1.114599943161,"17,57"
160578764,1930.01,KP,KP,QLP,2.8786641,2207,12863,1.35,"11,38"
255930614,2024.01,KP,KP,QLP,2.8758902726291,3.282819735205,8.2875394154761,1.4604300260544,"24,25,51,52"
26826078,5096.01,KP,KP,SPOC/QLP,2.8753183,1615,11.1331,0.68,"44,45,46,71,72"
293687315,1300.01,KP,KP,QLP,2.8716978,4556,18.0395,1.91,"15,16,22,23,48,50,75"
268403451,1612.01,KP,KP,QLP,2.8641388,2417,15.5276,1.53,"18,19,20,25,26,40,47,52,53,59,60,73,74"
38846515,106.01,KP,KP,SPOC,2.8493825,3567,16.3869,1.77,"1,2,3,4,5,6,7,8,9,10,11,12,13,27,28,29,30,31,32,33,34,35,36,37,38,39,61,62,63,64,65,67,68,69"
437704321,4534.01,KP,KP,SPOC/QLP,2.849282,1907,4.75272,0.74,42
175772482,5673.01,KP,KP,SPOC,2.8386215063735,2.3326470166865,12.900775145105,1.0257300138473,51
280210963,535.01,KP,KP,SPOC,2.8280391498869,2.6215943096191,17.760370651522,1.0367399454117,"6,33"
371443216,1924.01,KP,KP,QLP,2.8240691,3808,17.7861,1.84,"10,11,36,38"
27990610,4482.01,KP,KP,SPOC,2.8164978773127,2.6896664823471,14.489417402772,1.0130399465561,"41,54,55"
204317710,255.01,KP,KP,SPOC,2.8126484706733,2.8737522177798,12.065800620875,1.0095700025559,"2,29"
455135327,490.01,KP,KP,QLP,2.8106006,1956,15.6823,1.34,"7,34,61"
238176110,116.01,KP,KP,UNKNOWN,2.7985794406073,2.3401435680154,11.764075243141,0.90665501356125,"1,27,28"
267572272,4489.01,KP,KP,SPOC,2.797475735943,2.2149132437329,12.014908829992,0.86736798286438,"26,40,41,53,54,55"
84339983,4624.01,KP,KP,SPOC,2.7908257668743,2.2330145922594,16.736990712451,1.4707000255585,"43,44,45"
76419763,2135.01,KP,KP,SPOC,2.7884722659922,2.9462463999989,13.943264469001,1.1295599937439,"26,40,53,54"
306362738,479.01,KP,KP,UNKNOWN,2.7817378641857,2.1508236677575,12.684102338905,1.0209499597549,"6,33"
191284318,1458.01,KP,KP,SPOC/QLP,2.7759225212991,3.0027844374861,14.235101014044,1.2418199777603,"17,57"
29344935,109.01,KP,KP,UNKNOWN,2.766747877062,2.5998082697684,12.022250697715,0.98486602306366,"1,28"
32487566,2386.01,KP,KP,SPOC,2.7567394874288,2.3808564736631,13.804466129655,1.28427,29
436875934,4514.01,KP,KP,SPOC,2.7535993,2141,10.7107,0.86,"18,42,43,44,58"
32499655,437.01,KP,KP,UNKNOWN,2.7439029421627,1.5031680075511,11.929238821671,0.88570201396942,"5,6,32,33"
367366318,1682.01,KP,KP,SPOC/QLP,2.7347656,3215,17.7566,1.77,"19,43,44,45,59"
240681314,1477.01,KP,KP,SPOC,2.7324809234094,2.2139340835675,18.278537490078,1.6127099990845,"17,57"
427332229,4523.01,KP,KP,SPOC,2.7186256,2129,12.4543,1.03,"42,43"
399402994,5802.01,KP,KP,SPOC,2.7161298215883,3.5299033351722,14.554165934844,1.1867799758911,54
452808876,453.01,KP,KP,UNKNOWN,2.70582,4968,18.4904,2.1,5
67666096,1766.01,KP,KP,SPOC/QLP,2.7033942,2927,16.72,1.61,"21,48"
398895470,5793.01,KP,KP,SPOC,2.6940347751924,4.1073511966615,18.251375476938,1.650820016861,54
99224131,4486.01,KP,KP,SPOC/QLP,2.6915613844337,4.2401265571428,17.217725849934,1.9607900381088,"14,41,55"
77044471,228.01,KP,KP,UNKNOWN,2.6865041492087,2.552477238908,13.74702393417,1.1827399730682,"2,29"
63452790,4434.01,KP,KP,SPOC,2.6843080991092,2.7683352083702,13.97484988333,1.0189499855041,"40,41,54,55"
404340025,834.01,KP,KP,UNKNOWN,2.6755523,3065,16.4542,1.34,"11,37,38"
75262942,4469.01,KP,KP,SPOC,2.6634153918688,1.842968763625,13.685736717506,0.70136898756027,"41,54"
380619414,5144.01,KP,KP,SPOC/QLP,2.655675250962,2.611101390299,,,"45,46,72"
192826603,551.01,KP,KP,SPOC,2.6473051249427,1.2112809624231,10.613448079568,0.56786602735519,"5,6,32,33"
453064665,6043.01,KP,KP,SPOC,2.6452120854712,3.0559835737624,12.780365744846,1.2405999898911,59
138819293,1796.01,KP,KP,SPOC/QLP,2.643885610552,0.96892889640781,3.8121140279857,0.42543199658394,"22,49"
293612446,2466.01,KP,KP,SPOC,2.6266983,4087,18.7969,1.77,"5,32,43,71"
356473034,1720.01,KP,KP,SPOC/QLP,2.6158597,2517,13.1204,1.08,"20,47,60"
283419843,5818.01,KP,KP,SPOC,2.6052673672121,4.2452100139334,17.854369920555,1.6697800159454,55
360742636,1076.01,KP,KP,UNKNOWN,2.5495658893793,2.593288712661,12.887943322628,1.0399700403214,"13,27"
363851359,1920.01,KP,KP,QLP,2.5441537,2128,10.5577,1.31,"11,37"
57984377,6014.01,KP,KP,SPOC,2.5199145567009,3.7121362923371,17.700193190638,1.564190030098,57
59843967,474.01,KP,KP,UNKNOWN,2.5167257156723,2.5896099209247,12.908314788123,0.98263800144196,"6,33"
123309556,6006.01,KP,KP,SPOC,2.5080815488003,1.1724398319937,2.6163105367638,0.73951500654221,"40,41,53,54,55"
291751373,6017.01,KP,KP,SPOC,2.5079176545719,3.0652269498951,14.717642984167,1.7272499799728,57
388104525,112.01,KP,KP,SPOC,2.4997995981029,2.865171019079,13.851609281573,1.1373200416565,"1,2,3,4,7,11,27,28,29,30,31,34,37,61,62,63,64,65"
466840711,839.01,KP,KP,SPOC,2.4855806353704,3.0016362134328,36.509125370379,1.5994399785995,"10,11,37"
36592530,4525.01,KP,KP,SPOC/QLP,2.4841975,1511,13.3413,1.28,"42,7"
399860444,2140.01,KP,KP,QLP,2.4706114180021,1.7944860211758,13.77034053413,1.0161299705505,"26,40,41,54,55"
137899948,4446.01,KP,KP,SPOC,2.4552388341154,1.7323270919337,12.992863050802,0.61482298374176,"40,41,54,55"
12862099,259.01,KP,KP,SPOC,2.4238225835334,2.2484014632774,12.25627190254,0.93,3
178289267,1936.01,KP,KP,QLP,2.3506186,2369,12801,0.97,"4,5,31"
118956453,1925.01,KP,KP,QLP,2.3447752,1814,13.4487,1.04,"8,35"
444013020,2547.01,KP,KP,SPOC,2.3114199,2585,14.2928,1.07,"34,44,45,46"
25375553,143.01,KP,KP,SPOC,2.3109688983569,3.4303820702944,17.304280003933,1.9541100263596,"1,28,68"
63189173,5093.01,KP,KP,SPOC,2.2983835,1.93,15.2047,0.79,"44,45,46"
277833995,5524.01,KP,KP,SPOC,2.2980143438855,1.0268160248033,2.0330096134863,0.59052497148514,"8,35,45,46,72"
98283926,1915.01,KP,KP,QLP,2.2920348332491,3.181250652858,13.249714155046,1.2652599811554,"7,33,34"
207077681,1928.01,KP,KP,QLP,2.2785749518223,2.1598249950182,14.773199907348,1.21163,28
39926974,4526.01,KP,KP,SPOC,2.260265486962,1.010349317846,2.7262373642969,0.34102401137352,42
458478250,1165.01,KP,KP,SPOC/QLP,2.2552845,2.05,14688,0.96,"14,15,16,17,21,23,41,47,48,49,50,54,57,74"
347430350,5631.01,KP,KP,QLP,2.2438471,2574,14.2892,1.33,50
178284730,418.01,KP,KP,UNKNOWN,2.2359864552392,1.5254331565956,13.436744303799,0.84437900781632,"4,5,31"
27039476,4604.01,KP,KP,QLP,2.2251639,1545,1.50436,0.92,"43,71"
467971286,2204.01,KP,KP,SPOC,2.2250513813804,2.3678870525181,10.092618912458,0.883426,27
256364928,4470.01,KP,KP,SPOC/QLP,2.2185748039122,1.8233621368077,13.301035504692,0.77648401260376,"41,54"
122612091,264.01,KP,KP,UNKNOWN,2.21674,3604,18.2508,2.66,"3,4,30,31"
180991313,2330.01,KP,KP,CTOI,2.2088214,2544,11.6656,1.26,"10,36,37"
424865156,1265.01,KP,KP,SPOC,2.2046665,3.9767263189703,16.819247843133,1.9935599565506,"14,15,40,41,54,55,74,75"
144065872,105.01,KP,KP,UNKNOWN,2.1846669487207,2.8652800157436,13.702852670325,1.2382400035858,"1,28"
16288184,1049.01,KP,KP,UNKNOWN,2.1805277132592,2.9691750339948,16.808853048342,1.2714600563049,"12,39"
92449173,6719.01,KP,KP,SPOC,2.1764874697474,3.440372280606,14.184839047861,1.5623300075531,68
139528693,449.01,KP,KP,UNKNOWN,2.1751728766969,4.7918806220924,18.787401930822,2.0625998973846,"5,31,32"
418761354,4533.01,KP,KP,QLP,2.1747824,1654,1.79105,0.71,"42,43,70"
162689341,1838.01,KP,KP,SPOC,2.1747062385046,2.8461110459309,14.231870974951,1.2561899423599,"23,24,25,50,51"
7088246,1065.01,KP,KP,SPOC,2.160344,1.828854,22.503541,1.2,13
374530847,5797.01,KP,KP,SPOC,2.1521630190873,1.7531965994512,11.999442722245,0.85466998815536,54
292152376,6031.01,KP,KP,SPOC,2.1499907203724,3.102696828363,20.636494430129,1.2630399465561,58
354619337,5821.01,KP,KP,SPOC/QLP,2.1487871987841,4.1671489920831,17.479040903028,2.0156600475311,55
284475976,1628.01,KP,KP,QLP,2.1436364003062,3.1539348730224,18.053758820204,1.7706099748611,"23,26,40,41,53,54,55,56"
456945304,5559.01,KP,KP,SPOC,2.1408063,1569,2.59639,1,"43,44,70,71"
355703913,111.01,KP,KP,SPOC,2.1061568796345,1.4688934498723,13.086872039103,0.94069701433182,"1,2,28,68"
230982885,195.01,KP,KP,SPOC/QLP,2.0727598,2619,14.2954,1.13,"2,29,69"
423275733,578.01,KP,KP,UNKNOWN,2.0528683715985,2.6201127724505,17.626740467862,1.7094800472259,"8,35"
268924036,4490.01,KP,KP,SPOC,2.0523416565289,2.1224957382336,22.510562064201,1.1687500476837,"41,54,55"
291685334,6021.01,KP,KP,SPOC,2.0319883448888,3.4937462781163,17.716397879772,1.56523001194,57
104024556,748.01,KP,KP,SPOC,2.0219583,2681,20.1548,1.94,"10,37,64"
184892124,5090.01,KP,KP,SPOC,1.9827515124353,1.2129130243772,11.295429520993,0.29304701089859,"44,45,46"
137402055,4570.01,KP,KP,SPOC,1.9737719355324,2.1771701432353,14.278397402464,0.69797098636627,"40,41,54,55"
382391899,391.01,KP,KP,UNKNOWN,1.9550931562145,1.7876200069399,13.140683363553,0.87341797351837,"4,31"
259506033,3705.01,KP,KP,QLP,1.9023386815773,1.7524490672386,12.392386247152,1.0259200334549,"19,59"
37168957,545.01,KP,KP,SPOC,1.9000862473896,2.3058232096625,15.049620777326,0.93402802944183,"6,33"
98545929,1916.01,KP,KP,QLP,1.8882310164208,3.6693893531367,14.477642607506,2.1212799549103,"7,33,34,61"
67646988,1779.01,KP,KP,SPOC,1.8817191,1236,10.9698,0.31,"21,48"
271042217,4428.01,KP,KP,SPOC,1.8555745374796,2.3121742498216,14.895180905699,1.4095900058746,"40,54"
27848472,2131.01,KP,KP,QLP,1.8468345,2565,16.4012,1.36,"26,40,53,54,74"
339522221,1917.01,KP,KP,QLP,1.82069,3049,15.6593,1.35,13
293435336,2403.01,KP,KP,SPOC/QLP,1.809881077104,3.7636624066187,21.955554888351,1.8912099599838,"30,42,43"
440113053,3595.01,KP,KP,QLP,1.8053759836795,2.0790248697605,12.015776626638,0.82053798437118,"17,57"
237320326,2414.01,KP,KP,SPOC,1.7771108792508,1.5669528365759,12.908463490962,0.97906,28
381856447,2206.01,KP,KP,SPOC,1.7690121045292,1.0172953319057,10.504559922328,0.701795,27
158324245,1161.01,KP,KP,SPOC/QLP,1.7635873,3.3034223377901,,,"14,15,26,40,41,53,54,55,74,75"
393495970,5142.01,KP,KP,SPOC/QLP,1.7554285352988,1.7729986363267,12.62298499417,0.96522200107574,"45,46"
209752908,4483.01,KP,KP,SPOC,1.7522170151112,2.1714375164201,20.317765646066,0.74071198701858,"41,54"
245392284,6030.01,KP,KP,SPOC,1.7442830504736,2.19283721045,15.389819490471,1.600800037384,58
391958006,5796.01,KP,KP,SPOC,1.7430143346615,2.2872100851582,16.922709684231,0.93774098157883,54
38087018,5138.01,KP,KP,SPOC,1.7290233608562,1.6887274076602,11.89808734181,0.76649498939514,"45,46"
158170594,1240.01,KP,KP,SPOC,1.7208554509494,1.8346409147423,13.464631410049,1.3340200185776,"14,26,40,41,53,55"
134537478,501.01,KP,KP,SPOC,1.7100122,1.79,17.2191,1.51,"7,33,34,61"
99834717,1780.01,KP,KP,SPOC,1.7063264,1359,10.1999,0.9,"14,21,41,47,48"
15445551,747.01,KP,KP,UNKNOWN,1.68278959367,3.0183508825006,14.800463738279,1.568029999733,"10,11,37"
124778445,2503.01,KP,KP,SPOC,1.6751567572551,2.2718193990122,13.236656301591,0.963518,33
307733361,5071.01,KP,KP,SPOC/QLP,1.6739029,1355,3.44449,1.22,"44,45,46,72"
229791084,1864.01,KP,KP,CTOI,1.6453265,2.59,19.0536,1.32,"14,15,16,17,18,19,20,21,22,23,24,25,26,40,41,47,48,49,50,51,52"
101955023,667.01,KP,KP,UNKNOWN,1.6289321997705,0.80927595296808,1.2145664239661,0.22640700638294,"9,10,36"
184240683,250.01,KP,KP,UNKNOWN,1.6284295568644,2.3671002318121,12.949413353631,1.0940999984741,"2,29"
138364831,4577.01,KP,KP,SPOC,1.625512355222,2.6590029153339,11.29718034701,1.0442600250244,"40,41,54,55"
272212970,1902.01,KP,KP,QLP,1.6091845,1.63,16.7675,1.43,"10,37"
399794420,4476.01,KP,KP,SPOC,1.5947534975296,1.9414499852259,14.373967413469,1.1598600149155,"40,41,53,54"
52640302,473.01,KP,KP,UNKNOWN,1.5732848409831,2.4285284521854,14.72475239213,1.0953899621964,"6,7,33,34"
466390120,5822.01,KP,KP,SPOC,1.5487245203939,2.8258531172169,14.506178014798,1.4102100133896,55
138644215,4455.01,KP,KP,SPOC,1.5449333628652,1.1043458998814,10.701177701171,1.4874000549316,"40,41,54,55"
149918151,3846.01,KP,KP,QLP,1.540776,1705,13.3674,0.77,"14,21,41,48"
13349647,567.01,KP,KP,UNKNOWN,1.5373644915352,1.8596004392766,13.753521054613,0.95958799123764,"8,34"
278892590,6838.01,KP,KP,SPOC,1.5109447117919,0.64014987103987,1.2038917182224,0.1148269996047,70
36352297,547.01,KP,KP,UNKNOWN,1.5089635,2373,20.5944,1.29,"6,33"
273874849,5794.01,KP,KP,SPOC,1.4857147966026,2.3275851741748,14.858544775728,1.0103399753571,"41,54,56"
233948455,3612.01,KP,KP,QLP,1.4822451,1595,14.0641,0.91,"14,15,17,41,55,57"
16740101,1150.01,KP,KP,SPOC/QLP,1.4810902854241,4.1588290824357,20.340242138905,2.2877299785614,"14,15,41,55,75"
915110182,6547.01,KP,KP,SPOC,1.4328254862015,2.0718518306729,18.223841813303,0.81754398345947,"63,64"
231663901,101.01,KP,KP,UNKNOWN,1.4303691403398,1.6438728317153,13.250493344819,0.89077401161194,"1,27"
236887394,1465.01,KP,KP,SPOC,1.4200248,1431,12.5242,0.77,"15,16,17,18,21,24,25,41,48,51,55"
308172249,2139.01,KP,KP,SPOC,1.4013784006976,1.7042714748865,13.997747762379,0.9349769949913,"26,52,53"
77031414,241.01,KP,KP,SPOC,1.3866519041345,2.3006751323871,12.98116186389,1.0766099691391,"2,29"
19684256,1901.01,KP,KP,QLP,1.3666563,1967,15437,1.02,"8,9,35"
1129033,398.01,KP,KP,UNKNOWN,1.3600282798197,2.165275075548,13.091181260572,0.93397498130798,"4,31"
413376180,781.01,KP,KP,UNKNOWN,1.3541351,1894,14.0693,0.93,"10,36"
380589029,1084.01,KP,KP,UNKNOWN,1.3484955290749,2.4052413608919,15.918966793455,1.1475900411606,"13,39"
402026209,232.01,KP,KP,UNKNOWN,1.3382307123689,2.1533897919189,14.837820032428,0.89497399330139,"2,28,29"
143143769,1926.01,KP,KP,QLP,1.3372349230815,1.7026097646771,3.0265786420174,0.86025601625443,"6,32,33"
373693175,1810.01,KP,KP,SPOC,1.3273482,2083,15.4709,1.07,"22,49"
116264089,2126.01,KP,KP,SPOC,1.3061880169007,1.4177745633918,16.758882990519,0.82018101215363,"25,26,40,52,53"
22529346,495.01,KP,KP,SPOC,1.2749246,2783,22.0328,1.52,"7,33,34,61"
129979528,1599.01,KP,KP,QLP,1.2198382125319,2.8341804425034,18.217931143424,1.6024199724197,"18,58"
432549364,1476.01,KP,KP,SPOC/QLP,1.2175088651898,2.7312989234987,12.138389770754,1.46216,"17,57"
305243225,5798.01,KP,KP,SPOC,1.2129138542488,2.1862784814733,14.104957706447,1.1517599821091,"54,55"
301289516,4517.01,KP,KP,SPOC,1.2089755,1286,1.68645,0.63,"42,7"
86396382,1725.01,KP,KP,SPOC,1.0914167,2774,23.9976,1.75,"20,43,44,45"
138359318,4448.01,KP,KP,SPOC,1.0186989443139,1.4947874563752,,,"40,41,54,55"
236445129,1282.01,KP,KP,SPOC,0.96899271754203,2.5496309015736,17.133125818089,1.4139800071716,"15,41,55"
100100827,185.01,KP,KP,SPOC/QLP,0.9414525,2.05,15342,1.35,"2,3,29,30,69"
1528696,448.01,KP,CP,UNKNOWN,0.88206242582709,0.5759672225529,8.3888940754513,0.78288799524307,"5,32"
14614418,750.01,KP,KP,UNKNOWN,0.8378445,1768,15.1164,1.02,"10,36"
377780790,5988.01,KP,KP,SPOC,0.83749967650566,1.9640811503039,2.0046234547312,1.0897400379181,"14,40,41,53,54,55"
36734222,656.01,KP,KP,UNKNOWN,0.81347362933667,1.2306764613171,13.160153258884,0.75764900445938,"9,35"
35516889,655.01,KP,KP,UNKNOWN,0.7888392476341,1.5967107136782,16.124712887172,1.0280499458313,"9,36"
332064670,1773.01,KP,KP,SPOC/QLP,0.73654581515,1.5550160101991,1.9150717842183,0.96351498365402,"21,44,45,46"
55315929,5556.01,KP,KP,SPOC,0.71957120984427,1.75752191995,1.6108417442207,1.2550499439239,"45,46"
176868951,5534.01,KP,KP,SPOC,0.36930571984357,1.0027780961194,2.1341818564923,0.75572198629379,"36,46,63"
301235044,6835.01,KP,KP,SPOC/QLP,0.2803246,868,1.64829,0.72,"42,7"
54002556,1847.01,KP,KP,QLP,,3585,8.72158,0.83,20
136916387,2011.03,KP,KP,SPOC,,3.5341353539309,1.6208326100069,1.0260699987411,"12,38,65"
441420236,2221.01,KP,CP,SPOC,,3.57380057446,4.0269258328056,0.698009,27
273231214,4581.02,KP,KP,SPOC,,6.6171206006776,8.9205085611473,1.4286400079727,54
299089652,6083.01,KP,KP,SPOC,,9.3055094769711,6.0762071189581,0.94060301780701,"40,41,53,54,55"
48448369,6087.01,KP,KP,SPOC,,2.2996357272884,5.0218624697395,1.0546400547028,"40,41,53,54,55"
